[
{
  "pk": 1,
  "model": "evaluation.semester",
  "fields": {
    "created_at": "2014-09-16",
    "is_archived": false,
    "name_de": "testsemester",
    "name_en": "testsemester"
  }
},
{
  "pk": 1,
  "model": "evaluation.questionnaire",
  "fields": {
    "public_name_de": "the person",
    "is_for_contributors": true,
    "teaser_en": "answer questions regarding a person here",
    "index": 0,
    "teaser_de": "answer questions regarding a person here",
    "public_name_en": "the person",
    "description_en": "person_questionnaire description",
    "obsolete": false,
    "name_de": "person_questionnaire",
    "description_de": "person_questionnaire description",
    "name_en": "person_questionnaire"
  }
},
{
  "pk": 2,
  "model": "evaluation.questionnaire",
  "fields": {
    "public_name_de": "the course",
    "is_for_contributors": false,
    "teaser_en": "answer questions regarding a course here",
    "index": 0,
    "teaser_de": "answer questions regarding a course here",
    "public_name_en": "the course",
    "description_en": "course_questionnaire description",
    "obsolete": false,
    "name_de": "course_questionnaire",
    "description_de": "course_questionnaire description",
    "name_en": "course_questionnaire"
  }
},
{
  "pk":3,
  "model":"evaluation.questionnaire",
  "fields":{
    "name_de":"Einzelergebnis",
    "name_en":"Single result",
    "index": 0,
    "is_for_contributors":true,
    "obsolete":true
  }
},
{
  "pk": 1,
  "model": "evaluation.question",
  "fields": {
    "questionnaire": 1,
    "text_en": "how?",
    "text_de": "how?",
    "type": "T"
  }
},
{
  "pk": 2,
  "model": "evaluation.question",
  "fields": {
    "questionnaire": 1,
    "text_en": "how much?",
    "text_de": "how much?",
    "type": "L"
  }
},
{
  "pk": 3,
  "model": "evaluation.question",
  "fields": {
    "questionnaire": 2,
    "text_en": "how?",
    "text_de": "how?",
    "type": "T"
  }
},
{
  "pk": 4,
  "model": "evaluation.question",
  "fields": {
    "questionnaire": 2,
    "text_en": "how much?",
    "text_de": "how much?",
    "type": "L"
  }
},
{
  "pk": 5,
  "model": "evaluation.question",
  "fields": {
    "questionnaire": 2,
    "text_en": "your grade",
    "text_de": "your grade",
    "type": "G"
  }
},
{
  "pk": "00000000-0000-0000-0000-000000000001",
  "model": "evaluation.textanswer",
  "fields": {
    "reviewed_answer": null,
    "question": 3,
    "original_answer": ".course_orig_published.",
    "contribution": 1,
    "state": "PU"
  }
},
{
  "pk": "00000000-0000-0000-0000-000000000002",
  "model": "evaluation.textanswer",
  "fields": {
    "reviewed_answer": null,
    "question": 3,
    "original_answer": ".course_orig_hidden.",
    "contribution": 1,
    "state": "HI"
  }
},
{
  "pk": "00000000-0000-0000-0000-000000000003",
  "model": "evaluation.textanswer",
  "fields": {
    "reviewed_answer": ".course_changed_published.",
    "question": 3,
    "original_answer": ".course_orig_published_changed.",
    "contribution": 1,
    "state": "PU"
  }
},
{
  "pk": "00000000-0000-0000-0000-000000000004",
  "model": "evaluation.textanswer",
  "fields": {
    "reviewed_answer": null,
    "question": 1,
    "original_answer": ".responsible_orig_published.",
    "contribution": 2,
    "state": "PU"
  }
},
{
  "pk": "00000000-0000-0000-0000-000000000005",
  "model": "evaluation.textanswer",
  "fields": {
    "reviewed_answer": null,
    "question": 1,
    "original_answer": ".responsible_orig_hidden.",
    "contribution": 2,
    "state": "HI"
  }
},
{
  "pk": "00000000-0000-0000-0000-000000000006",
  "model": "evaluation.textanswer",
  "fields": {
    "reviewed_answer": ".responsible_changed_published.",
    "question": 1,
    "original_answer": ".responsible_orig_published_changed.",
    "contribution": 2,
    "state": "PU"
  }
},
{
  "pk": "00000000-0000-0000-0000-000000000007",
  "model": "evaluation.textanswer",
  "fields": {
    "reviewed_answer": null,
    "question": 1,
    "original_answer": ".responsible_orig_private.",
    "contribution": 2,
    "state": "PR"
  }
},
{
  "pk": "00000000-0000-0000-0000-000000000008",
  "model": "evaluation.textanswer",
  "fields": {
    "reviewed_answer": null,
    "question": 1,
    "original_answer": ".responsible_orig_notreviewed.",
    "contribution": 2,
    "state": "NR"
  }
},
{
  "pk": "00000000-0000-0000-0000-000000000009",
  "model": "evaluation.textanswer",
  "fields": {
    "reviewed_answer": null,
    "question": 1,
    "original_answer": ".contributor_orig_published.",
    "contribution": 3,
    "state": "PU"
  }
},
{
  "pk": "00000000-0000-0000-0000-000000000010",
  "model": "evaluation.textanswer",
  "fields": {
    "reviewed_answer": null,
    "question": 1,
    "original_answer": ".contributor_orig_private.",
    "contribution": 3,
    "state": "PR"
  }
},
{
  "pk": "00000000-0000-0000-0000-000000000011",
  "model": "evaluation.textanswer",
  "fields": {
    "reviewed_answer": null,
    "question": 1,
    "original_answer": ".other_responsible_orig_published.",
    "contribution": 6,
    "state": "PU"
  }
},
{
  "pk": "00000000-0000-0000-0000-000000000012",
  "model": "evaluation.textanswer",
  "fields": {
    "reviewed_answer": null,
    "question": 1,
    "original_answer": ".other_responsible_orig_hidden.",
    "contribution": 6,
    "state": "HI"
  }
},
{
  "pk": "00000000-0000-0000-0000-000000000013",
  "model": "evaluation.textanswer",
  "fields": {
    "reviewed_answer": ".other_responsible_changed_published.",
    "question": 1,
    "original_answer": ".other_responsible_orig_published_changed.",
    "contribution": 6,
    "state": "PU"
  }
},
{
  "pk": "00000000-0000-0000-0000-000000000014",
  "model": "evaluation.textanswer",
  "fields": {
    "reviewed_answer": null,
    "question": 1,
    "original_answer": ".other_responsible_orig_private.",
    "contribution": 6,
    "state": "PR"
  }
},
{
  "pk": "00000000-0000-0000-0000-000000000015",
  "model": "evaluation.textanswer",
  "fields": {
    "reviewed_answer": null,
    "question": 1,
    "original_answer": ".other_responsible_orig_notreviewed.",
    "contribution": 6,
    "state": "NR"
  }
},
{
  "pk": 2,
  "model": "evaluation.userprofile",
  "fields": {
    "username": "responsible",
    "first_name": "responsible",
    "last_name": "user",
    "last_login": "2014-09-16T22:51:39.584",
    "password": "pbkdf2_sha256$12000$oyxddVrECuLk$ayPgZNkTANvBcWbTvPGaR4NBlqPELpElG7C4M1UN210=",
    "email": "responsible@institution.example.com",
    "title": "",
    "cc_users": [],
    "delegates": [3],
    "login_key_valid_until": null,
    "login_key": null
  }
},
{
  "pk": 3,
  "model": "evaluation.userprofile",
  "fields": {
    "username": "delegate_for_responsible",
    "first_name": "delegate_for_responsible",
    "last_name": "user",
    "last_login": "2014-09-16T22:52:04.981",
    "password": "pbkdf2_sha256$12000$oyxddVrECuLk$ayPgZNkTANvBcWbTvPGaR4NBlqPELpElG7C4M1UN210=",
    "email": "delegate@institution.example.com",
    "title": "",
    "cc_users": [],
    "delegates": [],
    "login_key_valid_until": null,
    "login_key": null
  }
},
{
  "pk": 4,
  "model": "evaluation.userprofile",
  "fields": {
    "username": "delegate_for_contributor",
    "first_name": "delegate_for_contributor",
    "last_name": "user",
    "last_login": "2014-09-16T22:52:27.021",
    "password": "pbkdf2_sha256$12000$oyxddVrECuLk$ayPgZNkTANvBcWbTvPGaR4NBlqPELpElG7C4M1UN210=",
    "email": "cc@institution.example.com",
    "title": "",
    "cc_users": [],
    "delegates": [],
    "login_key_valid_until": null,
    "login_key": null
  }
},
{
  "pk": 5,
  "model": "evaluation.userprofile",
  "fields": {
    "username": "student",
    "first_name": "student",
    "last_name": "user",
    "last_login": "2014-09-16T22:52:46.611",
    "password": "pbkdf2_sha256$12000$oyxddVrECuLk$ayPgZNkTANvBcWbTvPGaR4NBlqPELpElG7C4M1UN210=",
    "email": "student@institution.example.com",
    "title": "",
    "cc_users": [],
    "delegates": [],
    "login_key_valid_until": null,
    "login_key": null
  }
},
{
  "pk": 6,
  "model": "evaluation.userprofile",
  "fields": {
    "username": "contributor",
    "first_name": "contributor",
    "last_name": "user",
    "last_login": "2014-09-16T22:53:02.506",
    "password": "pbkdf2_sha256$12000$oyxddVrECuLk$ayPgZNkTANvBcWbTvPGaR4NBlqPELpElG7C4M1UN210=",
    "email": "contributor@institution.example.com",
    "title": "",
    "cc_users": [],
    "delegates": [4],
    "login_key_valid_until": null,
    "login_key": null
  }
},
{
  "pk": 7,
  "model": "evaluation.userprofile",
  "fields": {
    "username": "contributor_course_comments",
    "first_name": "contributor_course_comments",
    "last_name": "user",
    "last_login": "2014-09-16T22:53:02.506",
    "password": "pbkdf2_sha256$12000$oyxddVrECuLk$ayPgZNkTANvBcWbTvPGaR4NBlqPELpElG7C4M1UN210=",
    "email": "contributor_course_comments@institution.example.com",
    "title": "",
    "cc_users": [],
    "delegates": [],
    "login_key_valid_until": null,
    "login_key": null
  }
},
{
  "pk": 8,
  "model": "evaluation.userprofile",
  "fields": {
    "username": "contributor_all_comments",
    "first_name": "contributor_all_comments",
    "last_name": "user",
    "last_login": "2014-09-16T22:53:02.506",
    "password": "pbkdf2_sha256$12000$oyxddVrECuLk$ayPgZNkTANvBcWbTvPGaR4NBlqPELpElG7C4M1UN210=",
    "email": "contributor_all_comments@institution.example.com",
    "title": "",
    "cc_users": [],
    "delegates": [],
    "login_key_valid_until": null,
    "login_key": null
  }
},
{
  "pk": 9,
  "model": "evaluation.userprofile",
  "fields": {
    "username": "other_responsible",
    "first_name": "other_responsible",
    "last_name": "user",
    "last_login": "2014-09-16T22:51:39.584",
    "password": "pbkdf2_sha256$12000$oyxddVrECuLk$ayPgZNkTANvBcWbTvPGaR4NBlqPELpElG7C4M1UN210=",
    "email": "other_responsible@institution.example.com",
    "title": "",
    "cc_users": [],
    "delegates": [],
    "login_key_valid_until": null,
    "login_key": null
  }
},
{
  "pk": 10,
  "model": "evaluation.userprofile",
  "fields": {
    "username": "student_external",
    "first_name": "student_external",
    "last_name": "user",
    "last_login": "2014-09-16T22:52:46.611",
    "password": "pbkdf2_sha256$12000$oyxddVrECuLk$ayPgZNkTANvBcWbTvPGaR4NBlqPELpElG7C4M1UN210=",
    "email": "student_external@external.com",
    "title": "",
    "cc_users": [],
    "delegates": [],
    "login_key_valid_until": null,
    "login_key": null
  }
},
{
  "pk": 1,
  "model": "evaluation.contribution",
  "fields": {
    "contributors": [ ],
    "course": 1,
    "responsible": false,
    "questionnaires": [
      2
    ],
    "can_edit": false,
    "comment_visibility": "OWN"
  }
},
{
  "pk": 2,
  "model": "evaluation.contribution",
  "fields": {
    "contributors": [ 2 ],
    "course": 1,
    "responsible": true,
    "questionnaires": [
      1
    ],
    "can_edit": true,
    "comment_visibility": "ALL"
  }
},
{
  "pk": 3,
  "model": "evaluation.contribution",
  "fields": {
    "contributors": [ 6 ],
    "course": 1,
    "responsible": false,
    "questionnaires": [
      1
    ],
    "can_edit": false,
    "comment_visibility": "OWN"
  }
},
{
  "pk": 4,
  "model": "evaluation.contribution",
  "fields": {
    "contributors": [ 7 ],
    "course": 1,
    "responsible": false,
    "questionnaires": [
      1
    ],
    "can_edit": false,
    "comment_visibility": "COURSE"
  }
},
{
  "pk": 5,
  "model": "evaluation.contribution",
  "fields": {
    "contributors": [ 8 ],
    "course": 1,
    "responsible": false,
    "questionnaires": [
      1
    ],
    "can_edit": false,
    "comment_visibility": "ALL"
  }
},
{
  "pk": 6,
  "model": "evaluation.contribution",
  "fields": {
    "contributors": [ 9 ],
    "course": 1,
    "responsible": true,
    "questionnaires": [
      1
    ],
    "can_edit": true,
    "comment_visibility": "ALL"
  }
},
{
  "pk": 1,
  "model": "evaluation.coursetype",
  "fields": {
    "name_de": "a type",
    "name_en": "a type"
  }
},
{
  "pk": 1,
  "model": "evaluation.course",
  "fields": {
    "name_de": "a new course",
    "_participant_count": 25,
    "degrees": [1],
    "voters": [],
    "semester": 1,
    "last_modified_time": "2014-09-16T23:01:13.059",
    "_voter_count": 17,
    "state": "published",
    "last_modified_user": 2,
    "participants": [],
    "vote_end_date": "2014-09-30",
    "name_en": "a course",
    "type": 1,
    "vote_start_datetime": "2014-09-10"
  }
},
{
  "pk": 1,
  "model": "evaluation.degree",
  "fields": {
    "name_de": "a degree",
    "name_en": "a degree"
  }
}
]
